"ID","Title","Description","Release Year","Age Certification","Runtime","Genres","Production Country","Seasons"
"1","doloremque","quam recusandae nobis ipsam eos","2021","M","171","eveniet","KHM","6"
"2","omnis","possimus laboriosam adipisci quia reiciendis","1997","TV-Y7","166","minima","PAK","7"
"3","neque","praesentium rerum nostrum delectus unde","2023","PG","174","aliquid","GRD","4"
"4","necessitatibus","aliquid porro minima quaerat sequi","2004","U","99","doloremque","NER","3"
"5","sit","sint praesentium natus harum nulla","2022","EC","121","dolorem","AND","14"
"6","libero","eveniet voluptas optio libero quam","2008","6","112","occaecati","SPM","12"
"7","laborum","ullam quibusdam amet reiciendis at","1993","G","84","exercitationem","CIV","2"
"8","eligendi","sit ab ipsa dicta eveniet","2002","12A","128","quaerat","NRU","7"
"9","omnis","aspernatur labore ex vitae sint","2004","E10+","163","vero","SWE","8"
"10","magnam","illo maxime atque harum eos","2015","6","176","quae","SWZ","5"
"11","vitae","maxime reiciendis unde deserunt nemo","1999","CA","162","et","MDA","2"
"12","officia","doloribus inventore odio doloremque explicabo","2000","E10+","180","accusantium","DEU","6"
"13","accusamus","natus repudiandae voluptatibus architecto repudiandae","2001","T","160","reprehenderit","DMA","1"
"14","illum","neque beatae accusamus velit rem","2012","G","159","vitae","PYF","6"
"15","exercitationem","veritatis cupiditate qui pariatur fuga","2017","TV-Y","144","quaerat","GUY","14"
"16","minima","beatae recusandae totam voluptates illo","2021","TV-PG","92","consequatur","KWT","11"
"17","deleniti","ratione animi modi nostrum iure","2008","CA","150","facere","AIA","5"
"18","at","et cumque quis placeat quis","2012","6","86","esse","LBN","15"
"19","necessitatibus","iusto iure officia eos error","2005","NC-17","164","soluta","MAC","14"
"20","rerum","repudiandae cum assumenda minima ea","2000","E","80","laborum","AGO","4"
"21","beatae","maiores at molestiae consequatur accusantium","2016","R18","79","doloremque","EGY",""
"22","molestias","perspiciatis quos occaecati dolore delectus","1997","M/PG","65","aperiam","BLM","15"
"23","sapiente","inventore debitis expedita atque facilis","1996","R21","67","sapiente","PRT","11"
"24","quos","repellendus unde deleniti sint accusantium","2015","6","178","mollitia","BEN","8"
"25","expedita","maiores eius asperiores vero doloribus","2012","R16","144","dignissimos","MAF","10"
"26","consequuntur","fuga maxime necessitatibus ullam repellat","2004","AL","145","veritatis","JEY","15"
"27","blanditiis","doloremque facere ducimus ea harum","2005","TV-G","139","laborum","CHN","11"
"28","sapiente","earum sed maxime nostrum illo","2005","R18+","145","eum","HND","10"
"29","reiciendis","repellat nemo eos fugiat molestias","1994","TV-G","111","maxime","LBR","13"
"30","tempora","fugit iusto deserunt fugiat consequatur","2003","E","67","deleniti","SUR","14"
"31","accusamus","expedita sed sequi magni aperiam","2001","M","89","veniam","PYF","5"
"32","reprehenderit","incidunt facere repellendus vero aperiam","2022","M","74","molestiae","FSM",""
"33","nemo","alias reiciendis cumque expedita cum","1999","PG-13","62","sequi","SDN","10"
"34","id","in iste deleniti sapiente expedita","2019","C","125","modi","MAC","8"
"35","occaecati","ut corporis iusto ducimus illo","2006","M","155","dignissimos","CHN","1"
"36","ipsa","in earum mollitia quasi assumenda","1994","TV-Y","169","molestiae","MOZ","5"
"37","facilis","quisquam assumenda reiciendis unde assumenda","2013","R18","91","quos","NFK","11"
"38","molestiae","adipisci dolorem magni pariatur natus","2018","GP","119","dolore","IOT","10"
"39","minima","ea accusamus quos facere molestias","2003","R18","180","tenetur","RUS","9"
"40","nihil","nesciunt necessitatibus repudiandae maxime accusantium","2014","M/PG","138","excepturi","DEU","6"
"41","accusantium","fugit dicta aliquid alias consectetur","2015","R18","141","nostrum","SSD","4"
"42","provident","nisi repellat dignissimos officiis animi","2020","6","116","dignissimos","TJK","13"
"43","excepturi","aperiam aut enim illo veniam","2006","NC-17","88","ipsa","ATA","5"
"44","ducimus","magni nulla doloribus molestiae cumque","2016","S","75","sunt","NAM","11"
"45","corrupti","velit iure facilis ipsum vel","2003","A","89","voluptates","ESH","10"
"46","nisi","placeat omnis voluptate natus tempore","2016","S","88","beatae","LCA","14"
"47","consequatur","exercitationem delectus repudiandae perspiciatis suscipit","2018","18R","103","fugit","GUY","9"
"48","officia","nostrum quibusdam consectetur rerum magni","2011","S","108","debitis","UGA","10"
"49","numquam","odit vitae libero vitae quam","1994","R","138","repudiandae","FJI","7"
"50","nihil","nam dignissimos repellendus corrupti laudantium","2014","C","74","magni","SDN","2"
"51","deleniti","illo enim alias quidem accusamus","2018","T","83","eum","EGY","11"
"52","repellendus","sint deserunt repellat et perferendis","2018","TV-MA","179","voluptas","UZB","3"
"53","quasi","nulla tempora culpa at rem","2014","G","91","earum","GRC","3"
"54","a","error harum ad ullam fugit","2003","R21","135","voluptatibus","IRN","5"
"55","suscipit","voluptas esse doloribus possimus eum","2004","18R","98","pariatur","ATG","15"
"56","molestiae","pariatur voluptatem eum ea nulla","2008","M","158","cupiditate","PRT","15"
"57","similique","doloremque maiores deleniti dicta dolorum","2018","PG","136","ullam","ESH","3"
"58","sapiente","earum saepe voluptatibus doloremque modi","2000","M","75","consequuntur","COK","7"
"59","totam","vel quasi sit animi maiores","2004","E10+","71","eum","SLB","9"
"60","aliquam","ratione sint at fugiat delectus","2014","M/PG","144","dolores","LBN","8"
"61","praesentium","eos molestias cum assumenda ratione","2009","R","117","fugit","MEX","10"
"62","cum","magni officiis aut facere consectetur","1995","MA15+","177","corporis","URY","11"
"63","minus","quasi nostrum aliquam quasi nesciunt","2011","M/PG","108","autem","TON",""
"64","in","praesentium fuga soluta amet eius","2015","R18+","153","consequatur","ASM","6"
"65","dolorem","ipsum aperiam ducimus facere exercitationem","2002","TV-14","157","amet","FRO",""
"66","debitis","omnis perferendis earum perferendis velit","2020","R","146","consequatur","KNA","6"
"67","nobis","quasi minima adipisci fuga doloribus","2009","TV-Y7","98","architecto","UZB","12"
"68","itaque","ducimus laborum tempora mollitia culpa","2018","E","85","exercitationem","ERI","4"
"69","iusto","ullam a eligendi rem sunt","2021","12","79","quod","DEU","3"
"70","ipsam","consectetur repellat amet est vitae","2022","9","98","eaque","SWZ","5"
"71","in","eius animi eveniet consequatur aut","2010","TV-MA","167","qui","MAR","4"
"72","earum","neque id sequi consectetur quos","2007","12A","180","iure","ROU","12"
"73","sapiente","dicta expedita laboriosam eos illo","2005","M/PG","119","quam","BWA","11"
"74","hic","sed modi voluptas voluptatem minima","2011","CA","131","reprehenderit","LBY","2"
"75","officiis","magnam rerum provident dicta exercitationem","2005","TV-G","103","odio","CMR","2"
"76","totam","error facilis accusantium harum assumenda","2002","EC","68","inventore","PRY","13"
"77","numquam","omnis unde cumque dolores asperiores","2001","PG-13","109","voluptas","ESP","9"
"78","sunt","a voluptate veniam quo mollitia","2020","AL","77","saepe","VUT","1"
"79","itaque","nobis esse quibusdam aut autem","1996","18","146","repellendus","VGB","6"
"80","facilis","in vitae ducimus temporibus suscipit","1995","E10+","121","optio","BRN","6"
"81","beatae","quia veritatis quae et saepe","2006","G","143","perspiciatis","YEM","10"
"82","aspernatur","reprehenderit repellat hic illo voluptatibus","2003","A","96","tempora","AGO","6"
"83","pariatur","consequuntur laborum cum saepe voluptatem","2009","E","62","pariatur","PRT","11"
"84","molestias","possimus aspernatur quos illum optio","1994","TV-Y7","119","aliquam","PSE","3"
"85","quisquam","enim aut rem cumque rem","2014","R","134","voluptatibus","ALB","13"
"86","rerum","molestias dolorum doloremque ratione rem","2022","18","126","illum","TUR","11"
"87","rem","rem blanditiis libero eaque dignissimos","2019","TV-G","80","est","COG","6"
"88","ipsum","nihil perferendis autem tempore sapiente","2006","18R","114","animi","NER","12"
"89","delectus","distinctio adipisci magni harum error","1995","M","153","eum","WLF","15"
"90","laborum","corporis distinctio minima eligendi temporibus","1995","R21","91","beatae","ITA","1"
"91","illum","culpa labore dolorem cumque facere","2018","9","161","cum","MDG","6"
"92","maiores","dolorum inventore nulla possimus architecto","2018","PG-13","90","aliquam","CZE","7"
"93","iste","dolore rerum velit deserunt veniam","2002","12A","135","tempore","SPM","13"
"94","laborum","iste eum suscipit ea officia","1997","TV-MA","172","provident","MRT","13"
"95","quam","quo ratione facere tempora id","2000","18R","114","qui","NER","12"
"96","unde","quia laboriosam iste at molestiae","2022","R16","102","reiciendis","LBN","8"
"97","explicabo","blanditiis accusantium totam voluptates quia","2008","U","80","nisi","TUV","6"
"98","quidem","harum fugiat labore delectus maxime","2012","S","161","unde","URY","8"
"99","dolor","laborum laborum ipsum mollitia voluptatum","2012","U","73","cupiditate","TUV","14"
"100","accusamus","asperiores dolores eveniet quas sint","2023","AL","110","sint","SPM","12"